"A lot of reporting I've seen suggests that the illegal crossing are very dangerous. If that's true, we should do everything we can to deter this. I've heard that many die every year crossing in unsafe areas, and that even when they make it across they die of heat and thrust or crammed in the back of trucks. It seems like, then, a border wall is for their safety as well as ours."
"I get the reason some people want gun control.  I want them to understand that where I live, we need guns. We are over run with coyotes. They kill our pets. We try and kill them. You have to use a weapon with range. What youd call an assault weapon is perfect for that, and they are popular here for coyotes. I just scare them with my gun, because I don't ever hit them"
I might be wrong but it seems like the places that have the most mayhem are those with the most restrictive laws. I think about the pressure cooker bombs a few years back at the marathon.
"I totally understand, it's not the guns fault. We shouldn't do away with guns because of recent incidents, but it seems to me that we need to look at those who use the guns. I think regulating who can get access to them could help solve this issue. I agree that people have the need to feel safe and they should secure their environment the way they feel comfortable"
"I try not to be naive that utopia exists or can exist. I know some people think differently, but I do believe in laws and rules and that people are basically good and follow them most of the time. I'd love to see data on this, but I feel like it's only the fringe that does not follow them and causes mayhem for the rest of us."
I understand it is a complex issue and I actually have no problem with asylum seekers. I personally believe that we should be letting in people who will come in to this country the legal way and assimilate into our country. This is just my perspective and open to hear the views of others.
"I understand why people are worried about the Southern Border situation, but I don't think that has much to do with terrorism. I might be wrong, but I think that more terrorists are coming over the Canadian border."
"I understand why some people want  gun control.  It would help insure guns aren't  given to unstable people. But I also believe that as an American I have every right to defend my property, family, and myself with a gun or guns. I worry only criminals would have weapons."
"I'm honestly curious about what the other side thinks. I agree that the gangs and the drugs that come over here from Mexico are a problem. At the same time,  I think we already have gangs and drugs over here before Mexico brought them over."
"I'm no psychologist, but I don't think that criminals care what the laws are and what they can or can't do. If that is true, they will obtain a gun by whatever means they can, carry it illegally, use it in a crime and possibly use it to rob you."
"I'm not an expert on gun policy, but I did write research papers on the topic in college. While doing research, I was persuaded there was a lot misinformation put out by the NRA, which wa led by someone personally enriching himself from the sales of ammunition."
"I'm open to hearing other views, but it sure seems like gun control doesn't work. I've heard that the states with the strictest gun control has the highest crime rates and murder rates. I would think that's because only criminal have the guns."
"I'm sure others disagree, but I don't think it's our responsibility as a nation to take care of people from other countries who can't get any help from their own government. I think we have enough AMERICANS who need assistance, and we should help them first. I guess I just don't understand why we should be paying for anyone who manages to sneak in to our country."
"It's been a long time since I took US history, but I believe this land as far as Texas, New Mexico, Arizona, California, we're all Mexico territory before The United States took it from them. So I guess it would make sense that They're going to come back, maybe because they never left."
"Living close to the border has made me think that we need a wall. Our border patrol, who are the real experts, has asked for a wall. I haven't dug into the numbers, but I've heard the wall has already made in a difference in the areas it is in place. I feel we shouldn't ask our border patrol to risk their lives and not give them the tools they ask for."
"Others might disagree, but I don't understand the argument that  Mexicans are taking jobs.  If you are unemployed, couldn't find a job anywhere, and a lettuce field in your city that was hiring, would you apply? My sense is that most Americans would say no."
"Others might disagree, but I think we need reasonable and uniform NATIONAL gun legislation. I think one reason for the failure of gun control laws in the US is the pathwork of state-to-state differences. I might be wrong, but I think Congress even forbid the government trackingof gun violence deaths."
"I'm not an expert, but it seems like more immigration can only hurt me. I'm interesting in hearing the argument for the other side."
"I understand the argument that the system needs reform. However, my own view is that many who have immigrated are the epitome of an outstanding citizens that contributes to society and our economy."
"I'm open to other ideas, but I wonder if we should require every gun sale to be registered and require gun manufacturers to include trigger locks at no additional charge to the consumer.  It probably won't solve all our problems, but I think that we can take measures to reduce gun deaths without trampling on the 2nd Amendment."