third_order_A1,third_order_A2,third_order_B1,third_order_B2,participant_code
,,1,1,8gch37
,,1,0,zf1er9
1,1,,,nyuhem
0,1,,,2d3axv
,,1,1,3y76hr
0,0,,,gw6r7f
1,0,,,17xpyv
,,1,1,vn93qp
1,0,,,bhaxwm
,,0,0,z6kvee
,,1,1,hfyv7m
,,1,1,cw7ecf
,,0,1,d1qxrb
,,0,1,ygy4a2
1,1,,,be7fp8
1,1,,,9kak79
,,1,1,gqbhc6
,,0,0,6ehu8e
1,1,,,bpdwma
,,1,1,arauec
0,0,,,bkq96u
1,1,,,dhebqd
,,1,0,69txah
1,0,,,d24txf
,,1,1,a72n2t
1,1,,,92zz8z
,,1,0,4uq4fk
,,1,1,1z32ep
0,0,,,zzmpme
,,1,0,apkdw9
,,0,1,4z166b
,,1,1,8wkqc7
0,0,,,cay6fh
1,1,,,4rfvrt
1,1,,,3pp1gp
,,0,0,bbvx2g
1,1,,,6k3pb2
1,1,,,xzx7b3
1,1,,,nfe7zr
1,1,,,tx2pk8
0,1,,,yvmftg
,,1,1,6yzdq8
,,0,1,r1w289
,,1,1,r9ffv2
1,1,,,e7bnfe
,,1,1,xmv6q8
,,1,1,1art8b
1,1,,,7ek8b4
1,1,,,cczavu
,,1,1,37up4n
,,0,0,ttyvm4
,,1,1,7wg4ue
,,0,1,c67ank
,,1,0,y9bed8
1,1,,,hwn2az
,,1,1,cfhxn6
1,0,,,wkxrha
,,0,1,zgq7c4
1,1,,,21cdad
0,0,,,7yrm8n
1,1,,,tgytzy
,,1,1,qq6rnr
,,1,1,g33yme
,,0,1,u6agm4
0,0,,,a43n36
1,1,,,6p9ykt
,,1,0,8vetwa
1,0,,,yxxgbb
1,1,,,qgzxn8
,,0,1,zhm1aa
1,1,,,2dvw8w
1,1,,,uzwgay
1,1,,,pvctry
0,1,,,gqy7wz
1,0,,,kq86b6
1,1,,,htv7zf
0,1,,,gxe7d4
,,1,1,bgqbqq
1,0,,,yve1qb
1,1,,,rp663f
1,1,,,3k22vn
0,1,,,bhgbme
,,0,1,11g3d4
,,1,1,nzbm3c
0,0,,,fvfryr
,,1,0,3yyzee
0,0,,,mf3mmg
1,1,,,7br6ez
,,0,1,cuvvfu
0,0,,,3u2bpx
1,1,,,myryr2
,,0,1,rn3xtu
1,1,,,8c992q
,,0,1,wgxndh
,,1,0,aqzd6e
,,1,0,3ca1aa
1,0,,,81bn1h
0,0,,,ama2px
1,1,,,93f7nn
,,1,1,b947k8
0,0,,,8xqrfn
1,1,,,qkf17g
1,0,,,c11h7u
0,0,,,aeenr8
1,0,,,x2xkh6
0,1,,,2k8crd
0,0,,,pqkrcg
,,1,1,e4dzw1
1,1,,,q79qvu
,,1,1,7rt1gd
,,1,1,2rge23
1,1,,,7ubzwf
,,0,1,23kn1d
0,1,,,p4am1m
1,1,,,2kwk16
,,0,1,k9b2r8
,,0,1,gvkuyq
,,1,1,xre2zy
1,1,,,d91kgd
1,0,,,fvvpfd
1,1,,,nm8cet
,,1,1,nadrnf
1,1,,,8z7uzd
1,1,,,7huwnb
,,1,1,vc9m7z
1,1,,,r68ngt
,,1,1,ge1tnt
,,0,1,7aubcq
,,1,1,3q3g78
,,1,1,gzuvcc
1,1,,,tqw1am
,,1,0,77e76n
,,1,1,qrdffz
,,1,0,p1dvdf
0,0,,,uhuuy9
,,1,1,hy49dg
1,1,,,dh4khq
,,1,1,kuedgq
,,1,1,xnukn4
1,1,,,mcv2qk
,,1,1,g9kueq
1,1,,,pm4ux8
,,0,0,qaq4n1
,,1,1,72qrce
,,1,1,x7zaam
1,1,,,9ztgau
,,1,1,zfbz79
1,1,,,gycuyc
,,1,1,dg43kt
,,1,0,arckq2
1,1,,,mbb9g3
0,0,,,fkbkh9
1,1,,,1zkaum
,,0,1,k7pp6m
,,0,1,ywrvdf
,,0,0,4me7dd
,,1,1,cer1u8
,,0,0,e9yt49
1,1,,,rfdmpt
,,1,1,pynx7z
,,0,0,79nae6
1,1,,,8k4wga
1,1,,,vvu8rh
0,0,,,de6e6h
,,1,1,p6y7zy
1,1,,,mvxueq
,,1,0,74faf8
1,1,,,241f8w
,,1,1,uepwuv
1,0,,,7kk4yk
,,0,0,rybbmv
,,1,1,pmvvqz
1,1,,,933pcv
0,0,,,v7pkvt
1,1,,,bapru4
1,1,,,pymudb
,,1,1,g3gntf
,,1,1,c8q1ee
1,1,,,aq1fy6
0,0,,,9v9caa
1,1,,,zywuwt
,,0,0,ddn4g8
1,1,,,up9ca9
0,0,,,7hdpr3
,,0,1,xaf4c4
1,1,,,8te4dy
,,1,1,8w6ec6
,,0,0,kz4amg
1,1,,,z9rkha
1,1,,,q864zd
,,1,1,chegtd
,,0,0,2bw6ty
0,1,,,9gnmf8
,,0,0,trwye8
1,1,,,bvkdyd
,,1,1,96vxuc
1,1,,,7t9qt6
1,1,,,21q4nr
0,0,,,naykxy
1,1,,,he1h31
0,0,,,d62dcb
,,1,1,gge7qe
1,1,,,zwbkxb
1,1,,,8fgqbw
,,0,0,egfp1v
,,1,1,nbqgdb
,,1,0,anph8d
,,0,1,n9y2nv
1,1,,,376mfq
,,1,1,ezemt4
1,0,,,twy41h
1,1,,,b2q3v1
,,1,1,crr9p7
1,1,,,92exvg
,,1,1,vecmbf
,,1,1,fybnhf
1,0,,,1dwb82
,,1,0,9hrvwn
1,1,,,dwtmky
1,0,,,4khgr9
,,1,0,bfagpn
,,1,1,1fxn8t
1,1,,,q7trtm
1,1,,,63c8ny
,,1,1,c7pxkk
1,1,,,ydf4wz
1,1,,,tbmvxp
1,1,,,n9aymt
,,1,1,84t4uh
,,1,0,wb8bty
1,1,,,c9138m
,,0,0,27tdah
,,1,0,bqak9p
,,1,1,w9nc11
,,1,0,cazxxm
,,0,0,67fgtn
1,1,,,46g71q
,,1,1,zfttwe
0,1,,,q741vx
1,1,,,6k2vtq
1,1,,,9hmhbp
,,1,0,dq2vp8
1,1,,,bqm6we
,,1,0,1b4bqk
1,1,,,fxhr4a
,,1,1,tzvbqx
,,1,1,cuxupd
1,1,,,p6m8vw
0,1,,,bhdamn
1,1,,,74tggn
,,0,1,bt9tyu
1,1,,,kgkpr3
,,0,0,4xgad4
,,0,1,p8hgb2
,,1,1,bbuhx1
,,1,1,f2pkpw
0,1,,,eh6vv6
1,1,,,ewy29w
1,1,,,yxm28m
,,0,1,hu1xxw
1,1,,,uged4m
,,0,1,239dy4
0,1,,,74rdkb
1,1,,,7au8zc
,,0,0,9cx681
,,1,1,vy7pwe
1,1,,,e8f3x8
1,1,,,8cax8p
1,1,,,gtfwhw
,,1,1,qmdt4b
,,0,1,r3e7u2
,,1,1,r8xzau
1,1,,,4ye6ty
1,1,,,xvv7b7
,,1,1,xg1y6u
,,1,1,pcz3e4
,,0,1,3g4v9a
,,0,0,x8xzca
1,0,,,k6y96r
1,1,,,nr812a
1,0,,,dk3eg6
,,1,1,xgetxk
1,1,,,pqvkay
1,1,,,4vw7ar
1,1,,,p4ty9t
1,0,,,uv6a1n
,,0,0,u6p46d
1,1,,,2kh6p6
0,0,,,p1dc86
0,0,,,mhfrfz
0,1,,,kyn7wt
,,1,1,z23p48
,,1,1,x8mtp6
,,1,1,ah13gu
1,1,,,a3c1va
1,1,,,xnfyn9
,,0,0,t14eza
,,1,0,xkxbtx
,,0,0,hxvqvq
,,0,1,yku1f1
0,0,,,6cn23v
,,1,0,fgvnf8
,,0,0,t1a6ch
,,1,1,qdrv9v
,,1,1,bnu2fa
,,1,1,t2hh6k
,,1,0,xzzehx
,,0,1,7gabcv
1,1,,,qbhpd1
1,1,,,gn3nv7
,,1,1,xb374t
1,1,,,dgtmu4
,,1,1,tqce9e
1,1,,,p29wya
1,1,,,ad6zgb
1,0,,,a4at6g
,,0,0,btrq9r
,,1,1,69qxnx
1,1,,,ddegm8
,,1,1,xepxfm
,,0,0,7bh6r8
,,0,1,3f86xn
,,0,1,ryq2nu
,,1,1,3xqbyh
1,1,,,etmbe2
0,0,,,fbu6h1
1,1,,,2wuae3
1,1,,,8qwx2d
1,0,,,gkaz76
,,1,1,xku9wg
0,0,,,fm8whu
,,1,1,f3m7zz
1,0,,,2t1rcw
,,0,1,1z4cp3
,,0,0,x3dup3
,,1,1,rbkn2x
1,1,,,wbfxz3
1,1,,,rqxqu2
,,0,1,3y1wrh
,,1,1,4ectut
1,1,,,tn7tt7
,,1,1,kdht6u
1,1,,,zqkd1e
,,1,1,b4u92q
,,1,0,upvf32
,,1,1,16rhru
,,1,1,692wd7
1,1,,,bwkg2z
,,1,1,nuczur
,,1,1,cmpuef
1,1,,,rhee8h
,,1,1,3ny28g
1,1,,,ay4v4u
,,0,1,kyzudn
1,0,,,86pv26
,,0,0,nckc3z
,,0,0,8pwbfd
,,1,1,wc13d3
1,1,,,mv1yt1
,,0,0,4423rk
1,1,,,d9n383
,,0,1,tnx3qf
,,1,1,n1ghd7
,,1,1,4w4zmz
1,1,,,94tyvw
,,1,1,a6punv
1,1,,,vrtqbb
,,1,1,z74qka
,,1,1,8eqa46
,,0,1,r6fn1b
1,1,,,rhh6qg
1,1,,,qceeb3
,,0,0,k6qfmt
1,1,,,gk713k
,,1,1,av4n4m
,,1,1,4r4ppr
,,1,0,gektkv
1,1,,,n89vgv
0,0,,,dn9nft
,,1,1,byxxzp
1,1,,,6qkccb
,,1,1,ym3t3e
,,1,1,vdrpbb
1,1,,,yu49ky
,,1,0,f3ehve
,,1,1,cc72np
1,0,,,fhm1ar
,,1,0,xknpdn
,,1,1,r1x7x4
,,1,1,gxgrac
1,1,,,fu8hw2
,,1,0,ydewyb
1,1,,,wy8vc2
1,1,,,694y4m
1,1,,,fq4vqb
1,1,,,nwq716
1,1,,,t3k1rb
,,1,0,mbexte
1,1,,,byw89m
,,1,1,kuwb48
0,1,,,bw1z8x
,,0,1,m3ytg7
1,0,,,d8yefh
0,0,,,2uucyq
1,1,,,2rnv7n
,,1,1,b3qpgw
0,0,,,mzefrr
1,0,,,ma13ck
,,1,1,rnrugx
,,1,0,xzy1ck
,,0,1,c4xtmz
1,0,,,gbezud
,,1,0,ybect4
1,0,,,8wwcg7
,,1,1,2u6xkf
1,0,,,a9xfzr
,,1,1,m2ey27
1,1,,,92kpud
1,1,,,ekc8aq
1,1,,,nhnk8d
1,1,,,mwbgen
1,1,,,87xatq
1,1,,,u12hw2
1,1,,,cz24vk
,,1,1,nv9arv
,,0,0,x1qf3f
1,1,,,x3uvw2
1,1,,,k1gft8
1,1,,,razn2u
1,1,,,qrda43
,,1,1,qzyee4
1,1,,,43nhb8
,,1,1,y3y9pq
,,1,0,4ny466
,,0,1,nvtrtw
,,1,1,7de4q6
1,1,,,yge926
,,1,0,m7u916
1,0,,,gw7nxq
1,0,,,6an2n4
,,1,1,re7u9t
1,1,,,vu7btk
1,1,,,mghq7q
,,1,1,zdqx4p
,,1,1,vxbx2h
1,1,,,x39r1k
1,1,,,vatz46
1,0,,,y7nwdp
,,0,0,64rekd
,,1,1,cd14nd
,,0,0,4129fb
,,1,1,pfnnqu
1,1,,,n4d8w6
1,1,,,7qnaf8
,,0,1,utmznc
,,0,1,b27k2g
,,0,,6r8yma
1,1,,,p9prh1
1,1,,,kqfmgr
,,0,1,ghcx3u
,,1,1,gb44y6
,,1,1,v33qqp
1,1,,,8yb4kf
0,0,,,fxpzzg
1,1,,,augvm7
,,0,1,tv1kbm
0,0,,,khvkfq
1,1,,,c8mxp4
0,1,,,1z4t36
0,0,,,uzxk9y
1,1,,,3bg8fb
1,1,,,paqbp6
,,0,1,x8cudc
,,1,1,r9fd96
,,1,1,avx9qe
1,1,,,a1n6d8
,,0,0,7bzpmr
,,1,1,9wynka
,,1,1,yh41cg
,,1,1,hpbqfy
,,1,1,hkm2zx
0,0,,,zhd4rx
1,1,,,ffpnzt
1,1,,,m31623
,,1,1,4zb2bt
,,1,1,hv16n6
1,1,,,7gpqmk
1,1,,,ca6fex
,,1,1,p2q1x2
,,1,0,cnmd9e
0,0,,,c44zaz
1,1,,,84z39x
,,0,1,4yu7x1
1,1,,,8qgy6w
,,1,1,bd1h4v
,,1,1,gtqpwr
1,0,,,rrnczg
1,1,,,a3atem
,,1,0,pgwh4x
,,1,1,2vykxw
,,1,1,2xqzea
0,0,,,yd7n7a
,,0,0,tnzc8c
1,1,,,umazr8
1,1,,,uyvydy
,,0,1,rmxzfc
,,1,1,emmkna
,,0,1,t9ykwd
,,0,0,n71ugb
,,1,1,dtaduc
1,1,,,ywtgub
,,1,1,tpzzqa
,,1,1,kb39hv
,,0,0,n3u4wc
,,1,0,vqwk3m
,,0,0,g4ydg8
1,1,,,vf336t
,,0,1,zwtg94
,,1,1,fpqc9n
,,1,1,gphg8w
0,0,,,zwym97
1,1,,,gmtuqx
1,1,,,223va1
1,1,,,4cmag8
1,1,,,enh8yy
1,1,,,mnzznf
,,0,0,z98wzb
1,1,,,83htyb
,,1,0,thebf2
0,1,,,bnzyd7
1,0,,,7rh9ug
,,0,1,x9xg9w
,,1,1,a9f131
,,0,0,646typ
1,1,,,kwuqa9
1,1,,,un4u2t
,,1,1,zqzve9
,,0,1,bvbmwu
,,1,1,xvn4we
0,1,,,d3xzfn
1,1,,,rtzmwc
,,0,0,epxa82
,,1,1,ubc3dz
,,0,1,zxyz1h
0,0,,,1bdbaz
0,1,,,b3q27z
,,1,1,f7guu6
,,1,1,vnphmu
,,1,1,484d6r
,,0,0,drxx2m
1,1,,,kb3mrr
,,1,1,ag4trd
,,0,1,g3w232
,,0,0,3n9yrk
,,1,1,t7tvt4
,,1,1,vp3c1w
,,1,1,zr6r2r
1,1,,,mat7ua
1,1,,,zk98uz
,,0,1,zy6tqc
1,1,,,x21ctm
1,1,,,w7zkv2
1,1,,,4uq8ng
1,1,,,nywfp3
1,1,,,xanmux
,,0,0,gcn73h
,,0,0,y24buu
1,0,,,fbbbya
1,1,,,kyrhdk
1,0,,,89hvnc
,,1,1,ru3q4r
1,1,,,d794da
,,0,1,gdfk7y
,,1,1,h2m8xp
1,1,,,wtmhvk
1,1,,,eb4rnw
,,1,0,2baa2x
1,0,,,9tvm4w
1,1,,,8q7w8v
,,0,1,z8ryk8
,,1,1,d89v9a
0,1,,,4gg8u9
1,1,,,3aagtz
,,1,1,yfrqpz
,,1,1,d4nrr3
1,1,,,3pcp2u
,,1,1,gmxvu3
,,1,1,k4de4e
,,1,1,3t63w9
,,1,1,3af7kc
,,1,1,pmqr26
1,1,,,emtw8n
1,0,,,wpq1q8
,,1,1,4493vx
1,1,,,bkbmbu
,,1,1,un644y
1,1,,,t4e41u
1,1,,,pv2bfr
0,1,,,dp3v4v
,,1,1,vd7r6g
,,1,1,61h2fg
,,1,1,gdm7bm
1,1,,,9pcxtv
,,1,1,gcvctx
1,1,,,k4m4a1
,,1,1,fk83ey
1,1,,,4z66bu
,,1,1,8va9qm
1,1,,,phh6xv
1,0,,,af6wg4
,,1,1,z8yu69
1,1,,,a3ffad
1,1,,,m6ztam
,,0,1,tqt1zb
1,1,,,z4b9cp
,,1,1,y4wkxf
,,1,1,d6ub1r
1,1,,,ufk8m6
1,1,,,kvub4w
1,1,,,nwnng8
0,0,,,uw6aqr
1,1,,,2h7zdn
,,1,1,xrkgn9
,,1,1,ex14px
1,1,,,mkdaq1
1,1,,,b6mhvg
1,0,,,rhp2te
1,1,,,4udp8y
1,1,,,u4qcy9
,,0,1,6y2bm9
1,1,,,4r7yup
,,1,1,3r2mqf
,,0,1,dyy4qa
,,1,1,7hgbdf
1,1,,,wkwpp2
,,1,1,mcfex2
,,1,1,efwpke
1,1,,,ttwnvq
1,0,,,zqbye7
,,1,1,tvua78
1,1,,,uq34q4
1,1,,,qgc13g
,,1,1,rydt9k
1,1,,,719bu9
1,1,,,7ubxyv
1,1,,,xpunmt
,,0,0,n4ymrx
,,1,1,cmdpep
1,1,,,uwkhnx
1,1,,,g1yg6t
,,1,1,b3drf6
,,0,0,hy2kmm
1,1,,,zrxk68
1,1,,,m1frqt
1,1,,,tx4v1z
0,1,,,ph9yc9
1,1,,,yx6dhe
,,1,1,7npkek
0,0,,,en7ux4
1,1,,,4f7bmb
1,1,,,v22wt6
,,1,1,vakm6x
,,1,1,uq68rk
1,1,,,9cxpzh
,,0,1,x4a3p3
,,1,1,2rz33d
,,0,1,akyu3d
0,1,,,7xhp7w
,,1,0,hy7mhc
,,0,0,2uz7xb
,,0,0,7fvzma
1,1,,,kxhueq
1,1,,,vfeuuc
1,0,,,npm9bk
,,1,1,3aec1e
,,0,0,nrvbkf
1,1,,,3vt3ac
,,0,1,yddg93
1,0,,,xk2fyw
1,0,,,1uph1f
,,1,1,xb64ew
,,1,1,bga8b7
1,1,,,cynhqt
,,0,0,bt6gqc
1,1,,,zwcmc7
1,1,,,xf6ubb
,,0,1,dva27g
0,0,,,2bd7kq
1,1,,,krv4a7
1,1,,,q9qwcd
0,1,,,dh46t4
,,1,1,eaguck
,,1,0,qgzzxe
1,1,,,ze1u4n
1,1,,,gt7ary
,,1,1,kdua3w
,,1,1,vpv1c7
1,1,,,v3d8c7
,,1,1,2kngz9
,,1,1,6d4mma
,,1,1,ddqryb
1,1,,,uy8wm1
0,0,,,xbgwtn
,,1,0,u9akxh
,,0,1,4cge9k
1,1,,,7718ft
,,1,1,9qb2zm
,,0,1,42kyah
1,1,,,nvvq1t
1,1,,,wkcc9h
,,1,0,2brvqu
,,1,1,zwnc1r
,,1,1,ah2y2m
1,1,,,1pb6wg
,,1,1,nparmr
,,1,1,r83gzp
1,1,,,ymw39p
1,1,,,tkczgt
1,0,,,1az2re
1,1,,,1y61a1
,,1,1,8qupfc
,,1,1,86g48t
1,1,,,mkd1pw
,,1,1,q6b763
,,1,1,4fdwkr
1,1,,,n1mevb
1,1,,,gqnf99
1,1,,,c3cxk1
,,1,1,8q31ee
1,1,,,fqgr7e
,,1,1,vzarn6
,,0,1,gwagqc
1,1,,,wma962
,,0,0,2pq7vu
,,0,0,kfeg41
1,1,,,fdv88f
,,0,1,b76we3
,,1,1,vf7r7n
,,1,1,umwrra
1,1,,,8wtx76
,,1,1,1xwhmk
0,0,,,3y3qkb
,,0,1,hh47xt
,,0,1,w64kcn
1,1,,,2q6gzn
1,1,,,187g2t
0,0,,,qqdq8r
,,0,0,vqgk3h
,,1,1,xzmv14
,,1,0,x297py
1,1,,,7w3qug
,,0,0,zrv83n
1,0,,,m71u1z
1,1,,,fcff31
,,1,1,7un2gt
1,0,,,nbkkfz
0,1,,,cb88fn
1,1,,,y2kdry
1,1,,,24zevg
,,1,1,a1m43w
0,0,,,kfdmcb
0,0,,,dh2utf
1,0,,,uemquc
,,0,0,mawyn7
,,0,0,y6bad9
,,1,1,6mqenz
,,1,0,ummgxq
1,1,,,47vdpc
,,0,1,vk8ryc
,,0,1,t6yfvn
,,1,1,pwcy1k
1,1,,,g74q91
,,1,0,w7fhy8
,,0,1,wwaqt9
1,1,,,paa3zh
,,0,1,2c7q18
1,1,,,e68mrf
,,0,1,mnun1x
1,1,,,3dcug2
,,1,0,fy7bcd
1,1,,,ph9v6n
1,1,,,fr11z4
1,1,,,c9zbpr
1,1,,,vaxw7r
1,1,,,f2cr6k
1,1,,,uyuqk7
1,1,,,fy9k9x
1,1,,,q2n23g
1,1,,,hvar4d
1,1,,,4fx7a3
,,1,1,fuz9nb
0,0,,,dhzyhn
,,0,0,e9khm2
,,1,0,bahvpt
,,1,1,7nt29u
,,1,1,4xa4ea
,,1,1,9yuv9f
,,1,0,qee86g
1,1,,,pebzxy
,,1,1,9q1qta
,,0,1,d269x2
1,1,,,vn8qyk
1,1,,,x29pp4
0,0,,,vzupkq
,,1,1,92dcvc
,,0,1,vy863g
1,1,,,wdbprm
1,1,,,ptawbk
,,1,1,xpc4vm
,,0,1,c66cyz
,,1,1,zpu222
0,0,,,ecc6kr
1,0,,,uvqpfa
,,0,1,nwzq4e
1,1,,,xn31v4
1,1,,,thzxn2
1,1,,,gn4hcw
0,0,,,qe13yf
,,1,0,86xd4t
1,1,,,uuf41e
0,1,,,g2tqk8
,,1,1,pefxpk
1,1,,,8g3ncw
,,1,0,114n66
,,1,1,f4cu49
,,1,1,a2nuhf
,,0,1,3bbcr9
,,1,0,mnhexr
1,1,,,hty2wp
0,0,,,hhm1xk
,,0,0,nhcum2
1,1,,,23q9cx
1,1,,,g8ke74
0,0,,,39xpwd
1,1,,,f1z6ve
1,1,,,8pq818
1,1,,,p4pewk
1,1,,,94pfv9
1,1,,,t6ghz4
,,1,1,64wpr7
1,1,,,12ad6y
,,0,1,8k8bk4
,,1,0,nffzzu
1,1,,,xrbqcb
,,1,0,1x7q3x
1,1,,,bmaddb
,,1,1,9u2kme
1,0,,,tu72ub
0,0,,,z7cvc9
1,1,,,xmarrm
0,0,,,3qq16h
,,1,1,xrun1p
,,1,0,umdznp
1,0,,,yrv448
0,0,,,chp97f
0,0,,,ktzkpu
,,1,1,wcztqw
,,0,1,b4knpm
,,1,0,bvqcev
,,0,0,2c9dv9
,,0,1,nvek9k
1,0,,,fct81p
1,1,,,xw79nb
,,0,1,zp14tm
0,0,,,m2tg4r
1,1,,,u99twu
,,0,1,kk7hmv
,,1,1,mke8hq
,,1,0,dr47nx
,,1,1,4pmx9t
,,1,1,3wbpre
,,1,1,xbtxb4
,,0,1,3tab6x
0,0,,,n21wb8
,,1,1,avyrpp
,,0,0,6mycv1
1,1,,,1vdxhn
1,0,,,unnpw2
,,1,0,zu9wre
1,1,,,npdf4k
,,1,1,7g66d8
,,1,1,6df96f
,,1,1,996v2n
1,1,,,3daqbk
,,0,1,wu9nfy
1,1,,,mvwcax
1,1,,,8abn8q
,,1,1,ve38n1
0,1,,,k9cygv
,,1,1,d1g7qk
1,0,,,ktwzpp
0,0,,,rhuubp
0,0,,,2b8dtp
0,0,,,wax98b
,,1,1,1f4cwc
,,0,1,bvnang
,,1,1,4fru7e
1,1,,,73gaw1
,,1,1,h4adgb
1,1,,,6afv2d
,,1,1,2tdgey
,,1,0,qmb4gn
1,1,,,e7fw16
1,1,,,6xywep
1,0,,,6kdaum
1,1,,,xmakpd
,,0,1,buvyam
,,1,0,7em12f
,,0,0,udxhn9
1,1,,,3mx3u1
0,1,,,9ehx8g
1,0,,,9uvdbv
,,1,1,3mfva2
,,1,1,c71e9k
1,1,,,vaz92v
0,0,,,ew6d9t
1,1,,,7kabr1
1,1,,,fpatnd
1,1,,,1fb7zr
,,1,1,yx1yve
,,0,1,xphvb1
1,1,,,xkfzxr
1,1,,,zmz8qy
,,0,1,f8yz12
,,1,1,ryuyz9
,,1,1,f8tr97
,,0,0,f4ppa7
0,1,,,91m2zc
,,1,1,n4ck7a
1,1,,,hxuch6
1,1,,,4ktbcz
,,1,0,vayrbd
1,1,,,wzzd7p
,,1,1,teqn3n
,,1,1,d63hq6
1,0,,,12cpx2
,,1,1,6hqku2
1,1,,,mpb4c4
,,1,1,dfqm1a
,,1,0,kc382k
0,1,,,d3n6wu
1,1,,,r9qpr3
1,1,,,puuxkk
1,0,,,886nf1
,,1,1,x4x672
,,1,0,ne3qmm
,,1,1,nfvd7z
1,1,,,r6y9rh
,,1,1,fb3wre
1,1,,,hnqvf9
1,1,,,k6vg8n
,,1,1,zhqcvw
,,1,1,q61a1p
1,0,,,pqaytn
1,1,,,9eemkf
1,1,,,3dcpyh
1,1,,,u9mnam
,,0,1,ftamqx
1,1,,,quzvva
1,1,,,dk4mzr
,,0,1,dmyvdw
,,1,1,fq6xu6
,,1,1,4bkety
1,1,,,dwum2q
1,1,,,1bqxnq
1,1,,,g1tet1
,,1,1,rf2r8z
,,0,1,t9depn
1,1,,,tyx96d
1,0,,,cxaxx7
1,1,,,vwzp82
,,0,0,pv7f88
,,0,1,gam2y4
,,1,1,q1etev
,,1,1,nqgt1v
1,0,,,zwphpx
1,1,,,bycezd
1,1,,,xp8ky1
1,1,,,txaab4
,,0,1,8eb2bw
1,1,,,gz6tt2
1,1,,,dnf748
1,1,,,tzav84
,,1,1,xpq479
,,1,1,tc24qv
0,1,,,3rhk6q
,,0,0,hkbzym
,,1,1,3vgz47
,,1,0,yvz1c1
,,1,0,d699hy
,,0,0,abdhqb
,,1,1,y6b8h7
,,0,0,2k7xfw
1,1,,,891m19
1,0,,,ym9d89
,,0,0,rp8nq6
,,1,1,anfxfh
,,0,1,kbgya8
,,1,1,ev989u
1,1,,,drtz91
,,1,0,bnzhgp
0,0,,,xkbp9z
,,1,1,vugmhd
1,1,,,cmabtr
0,1,,,tub3c1
0,1,,,1wcqpr
,,1,1,yfdgyx
,,1,1,mkpecc
1,1,,,pf32he
,,0,0,pdggax
1,0,,,8m2bk8
1,1,,,1c87zz
,,1,1,qz24k3
0,0,,,1q3n28
0,0,,,8w39nb
,,1,0,bfpuq9
,,0,1,rby2b8
1,0,,,2wqq1v
1,1,,,9q1ty2
1,0,,,gec38b
,,1,0,nzhka6
1,1,,,g7uxn7
,,1,1,3hghqp
,,1,1,t2u7ve
,,1,0,rmh817
0,0,,,af9wkz
,,1,0,dt2c4n
,,1,1,rydmn2
,,0,0,3yf2vr
1,1,,,uybcaf
1,1,,,721pye
,,0,0,fgmppq
1,1,,,a86x27
1,1,,,khnzuc
,,1,1,wq2v4y
,,1,1,8hpcer
1,1,,,xepck2
,,1,1,wqxagg
,,1,1,q2ytdp
1,1,,,1d3nqz
,,1,1,g7qd3p
,,1,1,vmv6ck
,,1,1,r8bkpr
,,1,1,acx677
1,1,,,cxg94a
,,1,1,rhbqzn
,,1,1,txz2vc
1,1,,,pdm9rv
,,1,1,4f4ypu
1,1,,,bhz47p
,,0,1,x7nrnk
,,1,0,h2zrtt
,,1,1,eana9c
1,0,,,hxv4qm
,,0,1,ncw4dr
,,1,1,guxdtq
1,1,,,etg263
,,1,1,kb34w6
1,0,,,ynzube
1,1,,,ed28gc
1,1,,,f69bme
,,1,1,dcg9nv
,,1,1,gvt1n4
1,1,,,guf9kc
,,1,0,4tk8m1
,,0,1,yayzee
1,1,,,9eemkf
,,1,0,272hwt
1,1,,,9uu3b9
,,1,1,rdxw9v
,,1,1,w6urg6
1,1,,,nmzyhd
,,1,1,cd7n1c
,,1,1,2pnxxm
1,1,,,4qx9cp
1,1,,,1xm6wp
,,1,1,6vw7fz
1,1,,,1dkqc3
1,1,,,zvf1ru
,,1,1,ku1dz4
1,0,,,h7t2ve
,,1,1,bvhvy2
,,1,1,zqge3p
1,1,,,ze3b1a
,,0,1,bnfct9
,,0,0,a7gawg
1,1,,,e2877b
,,0,0,n7e73y
1,1,,,h9u14m
0,1,,,7xczcv
1,1,,,drk4a3
1,1,,,y2rga9
,,1,1,7wgznu
1,1,,,mxnzdv
,,1,1,7mhp3y
1,1,,,rrauey
1,1,,,3ux8fe
1,1,,,bq4pf2
1,1,,,tzge3d
,,1,1,uhxgc7
1,0,,,aygucv
,,1,0,xn6pun
,,0,1,rhe4nv
1,1,,,9tphbv
1,1,,,29rgv6
,,1,1,gue4ap
,,1,1,6kme82
,,0,1,qmvxn9
,,0,1,2twgab
1,1,,,33z1wc
,,0,1,qpkdcp
,,0,1,28rxyn
0,1,,,6mvp8h
,,0,1,3ygxqe
,,1,1,edczch
1,1,,,hg3pen
,,1,1,qztb2g
,,0,1,nkgry7
,,1,1,d3acpm
,,1,1,67161e
1,1,,,dh8gcw
,,1,1,fazpqt
,,1,1,eqbv29
,,0,1,ynd1zw
,,0,1,k1k7mu
1,1,,,aany98
,,1,1,mcy89c
1,1,,,wbckv4
,,0,1,znavrz
0,1,,,x2rq4k
1,1,,,cmgyy4
1,1,,,2y392g
1,1,,,ang1gw
,,1,1,2v72rz
,,1,1,hdx478
,,1,1,hznhmd
1,1,,,exbhzf
1,0,,,f8ykwd
,,1,1,zc1b97
,,0,0,yxue3u
1,1,,,7vy42f
0,0,,,tphenx
1,1,,,ddrmwe
,,1,1,qtqhx9
1,1,,,h1gbdg
0,0,,,en68e9
,,0,0,y4ucgm
1,1,,,z8nren
,,0,1,8p477z
,,1,1,94gme1
,,1,1,nnznhh
1,1,,,e26e4c
1,1,,,weze9d
,,0,1,wqt3bc
0,0,,,gqqh6m
,,1,1,19bwh4
,,1,1,vdcy84
,,0,1,qpkuzb
,,0,0,yexuv1
1,1,,,ngrehw
1,1,,,wbxxtk
,,0,0,7dghg6
,,1,1,adqrrf
1,0,,,a7xdp3
0,0,,,yv3tkp
1,1,,,vq8mx6
,,1,1,7t394d
,,0,1,8uwram
,,0,1,hrqurg
,,1,0,3uc17a
,,1,1,ymtg86
1,1,,,gwcggf
,,1,1,78gt9t
1,1,,,qcx6xw
,,1,1,7ky9fy
1,1,,,tufd4q
,,1,1,yxcvef
1,0,,,y2v46w
0,0,,,c4thh7
1,1,,,rc32br
0,1,,,ydnvq9
1,1,,,e9cchn
,,1,0,wz6r8e
,,1,1,b86bpg
1,1,,,61kwnw
,,1,1,n49rz7
,,0,1,1kzmcb
1,1,,,2uycde
1,0,,,t23hat
1,1,,,74rtp3
1,1,,,b2vzhh
1,1,,,1yne9p
,,1,1,heycm1
,,0,1,6mm18u
,,1,1,xtbkba
1,1,,,rc1dtk
0,0,,,6cwffw
1,1,,,ecg6ak
0,0,,,eyu3hz
1,1,,,7ae8d8
0,0,,,yrhq9z
1,1,,,e27wcv
1,1,,,8pvz4r
,,1,1,9qvcma
,,1,1,4hdukc
1,1,,,4qyhyh
1,1,,,v7yya7
1,1,,,xzpby3
,,0,0,tbd7pz
,,1,0,74kfer
,,1,1,bcvytc
1,1,,,dhzttc
1,1,,,6rvvyv
1,1,,,8e6dw6
1,1,,,8qgv6a
,,1,1,nyvm2q
,,1,1,p1z83y
1,1,,,ca77z9
0,0,,,vknnyh
0,0,,,72cpq2
,,1,1,atdym7
,,0,1,h4pm8n
,,1,1,xfggcy
1,1,,,r1e7wr
1,1,,,f3dq94
1,1,,,py81px
1,1,,,vtt8xb
,,1,1,a7q18f
,,1,1,9w3yrk
,,1,1,gavzgw
,,1,1,rxxqb9
1,1,,,u4t3fn
,,1,1,4224fc
,,0,1,mxa7hg
,,1,1,zgzm9x
,,1,1,9yg49x
1,1,,,gvmdq4
1,1,,,pfmd48
1,1,,,zv3m1r
1,1,,,q9znpu
,,1,1,94rh6h
1,1,,,1vpyyv
,,1,0,3cw121
,,1,1,gaay14
,,1,1,8p9hdt
1,0,,,4n6h2p
,,1,0,caxqz8
,,1,1,fukd7e
1,1,,,k4399h
1,1,,,2u937z
,,0,0,f9vvcv
,,1,0,bua2zc
,,1,1,aab4qe
1,1,,,y81y3c
,,1,1,ux2wnk
0,0,,,vr12k6
,,1,1,7nxmxw
,,1,1,qrdavb
,,1,1,c4g613
,,0,1,bwnw49
0,0,,,ywuvhx
1,1,,,y84nxn
,,1,1,pffdw7
1,1,,,4u8ag2
,,1,1,8pdkzt
1,1,,,mpx178
1,1,,,cfku62
1,1,,,11b468
,,0,1,kvctqq
,,1,1,ardxry
1,1,,,h4bv1w
,,1,1,q1xvbx
,,0,1,ehknza
1,1,,,97nz1x
,,0,1,98e8hy
1,1,,,e9xwqc
1,1,,,gvnheg
,,0,0,hvb1rf
1,1,,,mx7ucf
1,1,,,typ7y4
1,0,,,neb82f
1,1,,,utp4ny
,,1,1,kp283h
1,1,,,276qp8
,,1,1,p7wprc
,,0,0,tx4r9r
1,1,,,akz9zd
,,1,0,gc16gk
0,1,,,c9x6bn
,,1,1,332mg3
,,0,1,y4vkg1
1,1,,,dx7ceg
,,1,1,vg7pwf
,,1,1,dnrmuv
1,1,,,32qunu
,,1,1,dc8f4q
1,1,,,dkn34v
1,1,,,6ymxc9
1,1,,,4p719v
1,1,,,h3tc27
1,1,,,ptag3g
,,1,0,gvh16f
1,1,,,a7z8qg
1,1,,,w849nc
1,1,,,pxc9p2
1,1,,,8dggm9
0,0,,,61p4tp
1,1,,,bppq18
1,1,,,vguwu3
,,1,1,ugdtr8
1,1,,,r4q71f
1,1,,,u3vgq2
,,0,0,a9ukyf
1,1,,,dkwv7f
,,0,0,x784xa
1,0,,,7ra7ae
,,1,1,eh8gyt
1,1,,,43zx1g
,,1,1,q2w9u9
0,1,,,kd98yx
0,0,,,bgg8md
1,1,,,axnh4u
1,1,,,uhax4f
,,0,1,d3h62g
1,1,,,6hx7eu
,,1,1,11uby7
,,1,0,b8y83n
1,1,,,742hw6
,,0,1,rhhgqc
,,0,1,eyv6eu
,,1,1,p7watc
,,1,1,gg6q7u
,,1,1,dtav43
,,0,0,ugccwz
,,1,1,79tk6f
,,1,1,xn14x8
1,1,,,vdax89
,,1,1,utc3y8
,,1,1,aktbek
1,1,,,mgq188
,,0,1,hzcv1t
1,1,,,hxfg37
1,1,,,vtcynp
1,1,,,aqyatg
1,1,,,pauqht
,,1,1,r4chre
,,1,0,xx43nc
1,1,,,6mdc8f
1,0,,,aemrz9
,,1,1,b4u9t1
0,1,,,4h6eck
,,0,1,u6awz1
1,1,,,m21egh
1,1,,,dcngcu
,,1,1,rcm2tt
1,1,,,z2yeup
1,1,,,uuz9af
,,1,1,uaddqt
0,1,,,6hfdza
,,1,0,hzz2g3
0,0,,,96vy13
,,1,1,bf62e6
1,0,,,kzndk6
,,0,1,wdu48u
1,1,,,zhnh38
,,0,0,9nwmuy
,,1,1,4a1xuq
1,1,,,93qdh4
0,1,,,ckhyhw
1,1,,,1wfxpx
1,1,,,uqm8t9
1,1,,,6v6zmw
1,1,,,1u2t4u
,,1,1,11frdz
,,1,1,2b9qec
,,1,1,ttnrq6
1,1,,,qmrgzx
,,0,0,e4xyfq
,,0,1,t99eym
,,0,1,gpewhc
1,1,,,xq89yw
1,1,,,1hac2u
,,1,1,qmxw8p
,,1,0,hr6vav
,,1,1,cfb3vz
1,1,,,dd2rvg
,,0,0,ghmkch
0,0,,,m6fngt
,,1,1,q4cfa3
1,1,,,f8zwcc
,,1,1,hqhqtp
1,1,,,zn3eyy
,,0,1,9twrez
,,1,1,wxg48c
1,1,,,n7k1zx
,,1,1,6uaekb
1,1,,,u8c1kg
1,1,,,uewkay
,,1,1,ntc7qh
0,0,,,ax2p1e
1,0,,,wmkt1n
0,0,,,62gnz3
,,1,1,gw1ygq
,,0,0,pmyqy1
1,1,,,qby6gb
0,0,,,bab8yz
1,1,,,2z3t2q
,,1,1,fdbwpu
,,1,1,gz4vt2
,,1,1,h4a6xd
1,1,,,a9fqkq
1,1,,,mznv8q
0,1,,,wbdrr2
,,1,1,wbqeav
,,1,1,tgd9qt
,,1,1,fufbn7
,,1,0,7ea97r
0,0,,,pqdpcp
1,1,,,uxyh1p
,,1,1,3xtfrn
1,1,,,zd7mqh
,,1,1,4g6c4r
0,1,,,8eupke
,,1,1,2x7tvn
1,1,,,ebtmg9
,,1,1,u2aff6
,,1,1,4e1w7k
,,0,1,f2rqdp
1,1,,,cn9mnf
,,0,1,ra1vvr
1,1,,,r9zqat
1,1,,,y3cewr
1,1,,,cr123q
1,1,,,6rdeh7
,,0,1,262n43
,,1,1,6r7gpd
,,1,1,h63zav
,,1,0,t9gd2y
,,1,1,8euvwz
1,1,,,x47mdu
,,1,1,33xxdr
1,1,,,umq4em
,,1,0,wq8639
1,1,,,3etk29
,,0,1,cww31e
,,1,0,h7ryda
0,1,,,81rq8p
1,1,,,rv2dqp
,,0,1,73kh3p
,,1,1,zudqp3
0,0,,,zne6tp
,,0,1,zx37ux
,,1,1,ux76ka
1,1,,,qa6qgc
1,0,,,td4reg
1,1,,,a3cbdx
,,0,0,z9bku9
1,1,,,uwxcfx
,,1,0,2rrg1f
,,1,1,ghdpex
,,1,1,y4vb4r
,,1,1,t94q64
,,0,0,6aw38w
,,0,1,nkt9hc
,,1,1,34w28h
,,1,1,2er7r8
1,1,,,1g2xcy
1,1,,,q8vgd2
1,1,,,ky6vzf
,,1,1,cgq2cg
,,1,1,8nxwtz
1,1,,,4r33rd
1,1,,,eeg7r9
,,1,1,81hybn
1,0,,,g4trky
,,1,1,948vn8
1,1,,,2ntkvn
1,1,,,ethg9y
,,1,1,rrya92
1,1,,,31yk3w
1,1,,,y44d29
1,1,,,93exec
,,1,1,4k1w2h
,,1,1,2c961z
0,0,,,1h4zrn
,,1,1,9d6ecn
,,1,1,1y6agu
1,1,,,8hwqd2
,,0,1,kv6rud
1,1,,,gmegkn
1,0,,,zzn3e8
0,0,,,h9wuce
,,0,1,ummg83
1,1,,,4ew91f
,,0,1,6g9mw7
,,1,1,tg1w7y
,,0,1,6udq2a
,,0,0,a43n36
,,0,1,xfm322
,,1,1,fbbp1h
1,1,,,84za6a
,,1,1,w7ktqp
,,1,0,zmwvxe
1,1,,,hht33v
1,1,,,fe3un4
,,,,7wgznu
,,0,1,68yfgp
1,0,,,k3etuz
1,0,,,9paveb
1,1,,,2ek6mf
,,1,1,k47av9
,,1,1,3x6dea
,,1,1,4x876z
1,1,,,7crxbu
0,0,,,7ttd4r
1,1,,,72hag9
1,1,,,e7tr1k
0,0,,,x8nzz7
1,1,,,dhwgr1
,,1,1,q3wtmh
1,0,,,gapduq
,,0,1,vg2uqd
,,1,1,8fexvx
,,1,1,t7mn3b
,,0,1,myt842
,,1,1,dtnm39
,,0,0,qm7qhf
0,1,,,nxq1c1
1,1,,,8ttqyt
1,0,,,uzx7zd
,,1,1,9ct1zb
,,1,1,rzgdvn
,,1,1,dk7wxr
1,1,,,d6gcbw
,,1,0,v3pamx
,,1,1,xz8b2v
,,1,1,r9hyrv
0,0,,,hgwxgy
,,1,1,3naupc
,,1,1,pvp4q7
1,0,,,6fxpk1
1,1,,,ahr9ft
,,1,1,pwghnt
,,1,1,nbwdbg
,,1,0,uv2gpd
,,0,1,46fq3w
1,1,,,ywxp1k
,,0,1,kadkbu
,,1,1,qaqrbp
,,,,dy24dn
1,1,,,u6mryx
,,,,3naupc
,,,,qkf17g
,,,,2rge23
,,,,wph6uk
,,1,1,w6qxer
,,,,rrnczg
,,,,ffpnzt
,,,,tch3ef
,,,,72qrce
,,,,4ectut
,,,,4r4ppr
,,,,vn8qyk
,,,,ev989u
,,,,r746uz
,,,,9qvcma
,,,,xtbkba
,,,,bab8yz
,,,,aygucv
,,,,a3c1va
,,,,uhax4f
,,,,2h7zdn
,,,,eh6vv6
,,,,kk7hmv
,,,,d63hq6
